--
-- PostgreSQL database dump
--

-- Dumped from database version 13.4
-- Dumped by pg_dump version 13.4

SET statement_timeout = 0;
SET lock_timeout = 0;
SET idle_in_transaction_session_timeout = 0;
SET client_encoding = 'UTF8';
SET standard_conforming_strings = on;
SELECT pg_catalog.set_config('search_path', '', false);
SET check_function_bodies = false;
SET xmloption = content;
SET client_min_messages = warning;
SET row_security = off;

SET default_tablespace = '';

SET default_table_access_method = heap;

--
-- Name: login_history; Type: TABLE; Schema: public; Owner: postgres
--

CREATE TABLE public.login_history (
    login_history_id integer NOT NULL,
    logged_time timestamp without time zone,
    user_person_id integer NOT NULL
);


ALTER TABLE public.login_history OWNER TO postgres;

--
-- Name: login_history_login_history_id_seq; Type: SEQUENCE; Schema: public; Owner: postgres
--

ALTER TABLE public.login_history ALTER COLUMN login_history_id ADD GENERATED BY DEFAULT AS IDENTITY (
    SEQUENCE NAME public.login_history_login_history_id_seq
    START WITH 1
    INCREMENT BY 1
    NO MINVALUE
    NO MAXVALUE
    CACHE 1
);


--
-- Name: museum; Type: TABLE; Schema: public; Owner: postgres
--

CREATE TABLE public.museum (
    museum_id integer NOT NULL,
    city_name character varying(255),
    country_name character varying(255),
    latitude character varying(255),
    longitude character varying(255),
    name character varying(255),
    museum_type_id integer NOT NULL,
    address character varying(255),
    phone_number character varying
);


ALTER TABLE public.museum OWNER TO postgres;

--
-- Name: museum_museum_id_seq; Type: SEQUENCE; Schema: public; Owner: postgres
--

ALTER TABLE public.museum ALTER COLUMN museum_id ADD GENERATED BY DEFAULT AS IDENTITY (
    SEQUENCE NAME public.museum_museum_id_seq
    START WITH 1
    INCREMENT BY 1
    NO MINVALUE
    NO MAXVALUE
    CACHE 1
);


--
-- Name: museum_type; Type: TABLE; Schema: public; Owner: postgres
--

CREATE TABLE public.museum_type (
    museum_type_id integer NOT NULL,
    name character varying(255)
);


ALTER TABLE public.museum_type OWNER TO postgres;

--
-- Name: museum_type_museum_type_id_seq; Type: SEQUENCE; Schema: public; Owner: postgres
--

ALTER TABLE public.museum_type ALTER COLUMN museum_type_id ADD GENERATED BY DEFAULT AS IDENTITY (
    SEQUENCE NAME public.museum_type_museum_type_id_seq
    START WITH 1
    INCREMENT BY 1
    NO MINVALUE
    NO MAXVALUE
    CACHE 1
);


--
-- Name: role; Type: TABLE; Schema: public; Owner: postgres
--

CREATE TABLE public.role (
    role_id integer NOT NULL,
    name character varying(255)
);


ALTER TABLE public.role OWNER TO postgres;

--
-- Name: role_role_id_seq; Type: SEQUENCE; Schema: public; Owner: postgres
--

ALTER TABLE public.role ALTER COLUMN role_id ADD GENERATED BY DEFAULT AS IDENTITY (
    SEQUENCE NAME public.role_role_id_seq
    START WITH 1
    INCREMENT BY 1
    NO MINVALUE
    NO MAXVALUE
    CACHE 1
);


--
-- Name: user_action; Type: TABLE; Schema: public; Owner: postgres
--

CREATE TABLE public.user_action (
    user_action_id integer NOT NULL,
    action character varying(255),
    "time" timestamp without time zone,
    user_person_id integer NOT NULL
);


ALTER TABLE public.user_action OWNER TO postgres;

--
-- Name: user_action_user_action_id_seq; Type: SEQUENCE; Schema: public; Owner: postgres
--

ALTER TABLE public.user_action ALTER COLUMN user_action_id ADD GENERATED BY DEFAULT AS IDENTITY (
    SEQUENCE NAME public.user_action_user_action_id_seq
    START WITH 1
    INCREMENT BY 1
    NO MINVALUE
    NO MAXVALUE
    CACHE 1
);


--
-- Name: user_person; Type: TABLE; Schema: public; Owner: postgres
--

CREATE TABLE public.user_person (
    user_person_id integer NOT NULL,
    email character varying(255) NOT NULL,
    first_name character varying(255) NOT NULL,
    last_name character varying(255) NOT NULL,
    password character varying(255) NOT NULL,
    token character varying(255),
    username character varying(255) NOT NULL,
    user_status_id integer
);


ALTER TABLE public.user_person OWNER TO postgres;

--
-- Name: user_person_role; Type: TABLE; Schema: public; Owner: postgres
--

CREATE TABLE public.user_person_role (
    role_id integer NOT NULL,
    user_id integer NOT NULL
);


ALTER TABLE public.user_person_role OWNER TO postgres;

--
-- Name: user_person_user_person_id_seq; Type: SEQUENCE; Schema: public; Owner: postgres
--

ALTER TABLE public.user_person ALTER COLUMN user_person_id ADD GENERATED BY DEFAULT AS IDENTITY (
    SEQUENCE NAME public.user_person_user_person_id_seq
    START WITH 1
    INCREMENT BY 1
    NO MINVALUE
    NO MAXVALUE
    CACHE 1
);


--
-- Name: user_status; Type: TABLE; Schema: public; Owner: postgres
--

CREATE TABLE public.user_status (
    user_status_id integer NOT NULL,
    user_status_name character varying(255)
);


ALTER TABLE public.user_status OWNER TO postgres;

--
-- Name: user_status_user_status_id_seq; Type: SEQUENCE; Schema: public; Owner: postgres
--

ALTER TABLE public.user_status ALTER COLUMN user_status_id ADD GENERATED BY DEFAULT AS IDENTITY (
    SEQUENCE NAME public.user_status_user_status_id_seq
    START WITH 1
    INCREMENT BY 1
    NO MINVALUE
    NO MAXVALUE
    CACHE 1
);


--
-- Name: virtual_tour; Type: TABLE; Schema: public; Owner: postgres
--

CREATE TABLE public.virtual_tour (
    virtual_tour_id integer NOT NULL,
    duration integer,
    start_date_time timestamp without time zone,
    youtube_url character varying(255),
    museum_id integer NOT NULL,
    name character varying(255)
);


ALTER TABLE public.virtual_tour OWNER TO postgres;

--
-- Name: virtual_tour_ticket; Type: TABLE; Schema: public; Owner: postgres
--

CREATE TABLE public.virtual_tour_ticket (
    virtual_tour_ticket_id integer NOT NULL,
    ticket_number bigint,
    user_person_id integer NOT NULL,
    virtual_tour_id integer NOT NULL
);


ALTER TABLE public.virtual_tour_ticket OWNER TO postgres;

--
-- Name: virtual_tour_ticket_virtual_tour_ticket_id_seq; Type: SEQUENCE; Schema: public; Owner: postgres
--

ALTER TABLE public.virtual_tour_ticket ALTER COLUMN virtual_tour_ticket_id ADD GENERATED BY DEFAULT AS IDENTITY (
    SEQUENCE NAME public.virtual_tour_ticket_virtual_tour_ticket_id_seq
    START WITH 1
    INCREMENT BY 1
    NO MINVALUE
    NO MAXVALUE
    CACHE 1
);


--
-- Name: virtual_tour_virtual_tour_id_seq; Type: SEQUENCE; Schema: public; Owner: postgres
--

ALTER TABLE public.virtual_tour ALTER COLUMN virtual_tour_id ADD GENERATED BY DEFAULT AS IDENTITY (
    SEQUENCE NAME public.virtual_tour_virtual_tour_id_seq
    START WITH 1
    INCREMENT BY 1
    NO MINVALUE
    NO MAXVALUE
    CACHE 1
);


--
-- Data for Name: login_history; Type: TABLE DATA; Schema: public; Owner: postgres
--

COPY public.login_history (login_history_id, logged_time, user_person_id) FROM stdin;
1	2022-04-13 20:37:20.09636	1
2	2022-04-13 20:40:53.855488	2
3	2022-04-14 11:32:14.695371	1
4	2022-04-14 11:58:55.476336	3
5	2022-04-14 12:07:13.002585	3
6	2022-04-14 12:26:45.217563	1
7	2022-04-14 12:27:02.415911	2
8	2022-04-14 14:14:54.761204	1
9	2022-04-14 14:32:41.004499	2
10	2022-04-14 15:56:05.755252	1
11	2022-04-14 21:44:28.285293	2
12	2022-04-14 21:46:57.299805	3
13	2022-04-15 13:15:00.474294	2
14	2022-04-16 13:06:15.808885	1
15	2022-04-16 16:16:23.630648	2
16	2022-04-16 21:15:04.061381	2
17	2022-04-18 10:04:27.47887	2
18	2022-04-18 10:52:37.797903	1
19	2022-04-18 11:46:56.134149	3
20	2022-04-18 12:04:53.93218	1
21	2022-05-20 22:23:42.471069	1
22	2022-05-23 16:35:09.80949	2
23	2022-05-23 16:45:16.977521	1
24	2022-05-23 20:56:05.948093	1
25	2022-05-24 15:24:59.801227	2
26	2022-05-24 15:50:33.393116	1
27	2022-05-24 16:01:20.157965	1
28	2022-05-24 16:02:39.719681	4
29	2022-05-24 16:03:54.629581	2
30	2022-05-24 19:29:03.819154	1
31	2022-05-27 13:08:57.048365	2
32	2022-05-27 13:09:41.913922	1
\.


--
-- Data for Name: museum; Type: TABLE DATA; Schema: public; Owner: postgres
--

COPY public.museum (museum_id, city_name, country_name, latitude, longitude, name, museum_type_id, address, phone_number) FROM stdin;
1	Belgrade	Serbia	44.81306463	20.46372798	Historical Museum of Serbia	1	Trg Nikole Pašića 11	381113398018
2	Belgrade	Serbia	44.8162543	20.46883326	Memorial museum Jovana Cvijića	2	Jelene Ćetković 5	381113223126
3	Belgrade	Serbia	44.80669541	20.47082235	Museum Nikole Tesle 	3	Krunska 51	381112433886
4	Split	Croatia	43.51657555	16.43472552	Archaeological Museum Split	4	Ul. Zrinsko Frankopanska 25	38521329340
5	Split	Croatia	43.508345	16.44018766	Split Ethnographic Museum	5	Ul. Iza Vestibula 4	38521344164
6	Zadar	Croatia	44.11634488	15.2249117	Archaeological Museum Zadar	4	Trg opatice Čike 1, 23000	38523250516
8	St Petersburg	Russia	59.94029388	30.3145597	State Hermitage Museum	6	Palace Square 2	78127109079
9	Paris	France	48.86738118	2.355388385	National Conservatory of Arts and Crafts	3	292 Rue Saint-Martin	33140272330
10	Munich	Germany	48.13077297	11.58340928	Deutsches Museum	3	Museumsinsel 1	49892179333
11	Dresden	Germany	51.0792949	13.75991258	Museum of Military History	1	Olbrichtpl. 2	493518232803
12	Naples	Italy	40.85428017	14.25035374	Naples National Archaeological Museum	4	Piazza Museo, 19, 80135	390814422149
13	Edinburgh	UK	55.95195356	-3.179487415	Museum of Edinburgh	7	142-146 Canongate	441315294143
14	Vatikan	Vatikan	41.90723837	12.45381296	Vatican Museum	6	00120 Vatican City	390669884676
15	Rim	Italy	41.90405003	12.49941185	National Roman Museum, Baths of Diocletian	4	Viale Enrico de Nicola	3906477881
16	Rim	Italy	42.13278916	12.59765452	Archaeological Museum Lucus Feroniae	4	Via Tiberina 00060 Capena RM	39069085173
17	Zrenjanin	Serbia	45.38062101	20.39004298	National Museum Zrenjanin	7	Subotićeva 1	38123561841
18	Užice	Serbia	43.85473219	19.8463905	Užice National Museum	1	Dimitrija Tucovića 18	38131521360
19	Oslo	Norway	59.90762502	10.68600792	The Norwegian Museum of Cultural History	1	Museumsveien 10	4722123700
20	Oslo	Norway	59.90386258	10.69802352	Kon-Tiki Museum	1	Bygdøynesveien 36	4723086767
21	Oslo	Norway	59.96720429	10.78251979	Norwegian Museum of Science and Technology	3	Kjelsåsveien 143	4722796000
22	Oslo	Norway	59.92315509	10.70012662	The Vigeland Museum	6	Nobels gate 32	4723493700
23	Prijedor	Bosnia and Herzegovina	44.97813691	16.7092667	Kozara Museum	1	Nikole Pašića	52211334
24	Paris	France	48.86048373	2.326346823	Orsay Museum	6	1 Rue de la Légion d'Honneur	33140494814
25	Šabac	Serbia	44.75584709	19.69260027	National Museum Šabac	7	Masarikova 13	38115350287
26	Athina	Greece	37.97691607	23.74221678	Museum of Cycladic Art	4	Neofitou Douka 4	302107228321
27	Aranđelovac	Serbia	44.30554184	20.54670649	National Museum Aranđelovac	7	19 RS 34300 Mišarska	38134712415
28	Sarajevo	Bosnia and Herzegovina	43.85587671	18.40283728	National Museum of Bosnia and Herzegovina	7	Zmaja od Bosne 3	33668027
29	Dubrovnik	Croatia	42.64145793	18.10706131	Ethnografic Museum Rupe	5	Ul. od Rupa 3	38520323056
30	Dubrovnik	Croatia	42.65988889	18.08695934	Red History Museum	1	Ul. Svetog Križa 3	385915287744
31	Foča	Bosnia and Herzegovina	43.50672511	18.77550425	Museum of old Herzegovina	7	Kralja Petra I 11	58211135
32	Graz	Austria	47.07189811	15.43385922	Kunsthaus Graz	6	Lendkai 1	4331680179200
33	Jagodina	Serbia	43.9767641	21.26275832	Regional Museum Jagodina	7	Kneginje Milice 82	381358231328
34	Kraljevo	Serbia	43.72612282	20.683667	National Museum Kraljevo	7	Karađorđeva	38136315350
35	Lisbon	Portugal	38.73863253	-9.153373839	Calouste Gulbenkian Museum	6	Av. de Berna 45A	351217823000
36	Lisbon	Portugal	38.72590809	-9.113959815	Museu Nacional do Azulejo	7	R. Me. Deus 4	351218100340
37	Lisbon	Portugal	38.69748499	-9.198704192	National Coach Museum	7	Av. da Índia 136	351210492400
38	Lisbon	Portugal	38.71846667	-9.150958861	National Museum of Science & Natural History	3	R. da Escola Politécnica 56	351213921800
39	Čačak	Serbia	43.89408959	20.34900105	National Museum Čačak	7	Cara Dušana 1	38132222169
40	Valjevo	Serbia	44.26988886	19.88551268	National Museum Valjevo	7	Trg vojvode Mišića 3	38114221041
41	Venice	Italy	45.441475	12.33107537	Oriental Art Museum in Venice	6	Santa Croce	390415241173
42	Venice	Italy	45.43346421	12.34987	Museo Storico Navale di Venezia	1	Riva S. Biasio 	390412441399
43	Banja Luka	Bosnia and Herzegovina	44.77282715	17.18983366	Museum of Contemporary Art of Republika Srpska	6	Trg srpskih junaka 2	51215364
44	Vienna	Austria	48.20591273	16.3598451	Museum of Natural History Vienna	1	Burgring 7	431521770
45	Vienna	Austria	48.19149618	16.31804918	Technical Museum Vienna	3	Mariahilfer Str. 212	431899980
46	Novi Sad	Serbia	45.25703799	19.85035513	City Museum of Novi Sad	7	Dunavska 29	381216433145
47	Novi Sad	Serbia	45.25731325	19.85316107	Museum of Contemporary Art	6	Dunavska 37	381216433154
48	Novi Sad	Serbia	45.25327113	19.8621578	City Museum of Novi Sad	1	Petrovaradin 21131	381216433145
49	Novi Sad	Serbia	44.82027154	20.4423467	Museum of contemporary art	6	Ušće 10	381113115713
50	Moscow	Russia	55.74775226	37.60506958	The Pushkin State Museum of Fine Arts	6	Ulitsa Volkhonka  12	74956979578
7	London	Great Britain	51.52017436	-0.126827854	British Museum 	1	Great Russell St	442073238299
\.


--
-- Data for Name: museum_type; Type: TABLE DATA; Schema: public; Owner: postgres
--

COPY public.museum_type (museum_type_id, name) FROM stdin;
1	Historical
2	Memorial
3	Technical
4	Archaeological
5	Ethnographic
6	Art
7	National
\.


--
-- Data for Name: role; Type: TABLE DATA; Schema: public; Owner: postgres
--

COPY public.role (role_id, name) FROM stdin;
1	ROLE_ADMIN
2	ROLE_USER
\.


--
-- Data for Name: user_action; Type: TABLE DATA; Schema: public; Owner: postgres
--

COPY public.user_action (user_action_id, action, "time", user_person_id) FROM stdin;
1	http://localhost:1123/museum?museumId=3&userId=2	2022-04-16 22:00:03.367799	2
2	http://localhost:1123/museum?museumId=3&userId=2	2022-04-16 22:00:27.00527	2
3	http://localhost:1123/museum?museumId=3&userId=2	2022-04-16 22:00:32.17081	2
4	http://localhost:1123/museum	2022-04-18 10:19:38.988012	2
5	http://localhost:1123/museum/get-all	2022-04-18 10:20:03.253284	2
6	http://localhost:1123/museum/get-all	2022-04-18 10:42:45.957963	2
7	http://localhost:1123/museum/get-all	2022-04-18 10:44:36.691532	2
8	http://localhost:1123/museum/get-all	2022-04-18 10:45:10.240488	2
9	http://localhost:1123/museum/get-all	2022-04-18 10:45:20.463844	2
10	http://localhost:1123/museum?museumId=1&userId=2	2022-04-18 10:45:22.718887	2
11	http://localhost:1123/museum/get-all	2022-04-18 10:46:35.704831	2
12	http://localhost:1123/museum?museumId=3&userId=2	2022-04-18 10:46:38.694591	2
13	http://localhost:1123/museum/get-all	2022-04-18 10:46:42.186045	2
14	http://localhost:1123/museum?museumId=1&userId=2	2022-04-18 10:46:43.538067	2
15	http://localhost:1123/virtual-tour/get-by-user?userId=2	2022-04-18 10:47:31.693472	2
16	http://localhost:1123/virtual-tour/get-by-user?userId=2	2022-04-18 10:48:51.975072	2
17	http://localhost:1123/virtual-tour/get-by-user?userId=2	2022-04-18 10:49:15.091668	2
18	http://localhost:1123/virtual-tour/get-by-user?userId=2	2022-04-18 10:49:46.749046	2
19	http://localhost:1123/museum/get-all	2022-04-18 10:50:30.864825	2
20	http://localhost:1123/museum/get-all	2022-04-18 10:52:37.943812	1
21	http://localhost:1123/user-info	2022-04-18 10:52:37.981789	1
22	http://localhost:1123/virtual-tour/get-by-user?userId=1	2022-04-18 10:52:56.63609	1
23	http://localhost:1123/museum/get-all	2022-04-18 10:53:14.390821	1
24	http://localhost:1123/user-info	2022-04-18 10:53:14.421802	1
25	http://localhost:1123/museum/get-all	2022-04-18 11:46:56.299255	3
26	http://localhost:1123/museum?museumId=6&userId=3	2022-04-18 11:47:05.359041	3
27	http://localhost:1123/virtual-tour/get-by-user?userId=3	2022-04-18 11:53:29.23006	3
28	http://localhost:1123/museum/get-all	2022-04-18 11:53:34.721426	3
29	http://localhost:1123/museum?museumId=6&userId=3	2022-04-18 11:53:37.548625	3
30	http://localhost:1123/virtual-tour/get-by-user?userId=3	2022-04-18 11:55:19.017515	3
31	http://localhost:1123/museum/get-all	2022-04-18 12:04:54.034117	1
32	http://localhost:1123/user-info	2022-04-18 12:04:54.042113	1
33	http://localhost:1123/user-info	2022-04-18 18:15:39.443695	1
34	http://localhost:1123/museum/get-all	2022-04-18 18:15:39.419708	1
36	http://localhost:1123/museum/get-all	2022-04-18 20:47:49.225059	1
35	http://localhost:1123/user-info	2022-04-18 20:47:49.225059	1
37	http://localhost:1123/museum?museumId=46&userId=1	2022-04-18 20:49:42.692693	1
38	http://localhost:1123/user-info	2022-04-18 20:49:46.5939	1
39	http://localhost:1123/museum/get-all	2022-04-18 20:49:46.591898	1
40	http://localhost:1123/museum?museumId=48&userId=1	2022-04-18 20:50:03.787453	1
41	http://localhost:1123/museum/get-all	2022-04-18 20:50:12.136309	1
42	http://localhost:1123/user-info	2022-04-18 20:50:12.136309	1
44	http://localhost:1123/museum/get-all	2022-05-20 22:23:42.690934	1
43	http://localhost:1123/user-info	2022-05-20 22:23:42.683938	1
45	http://localhost:1123/museum/get-all	2022-05-23 16:35:10.02236	2
46	http://localhost:1123/virtual-tour/get-by-user?userId=2	2022-05-23 16:35:54.32619	2
47	http://localhost:1123/museum/get-all	2022-05-23 16:36:05.450765	2
48	http://localhost:1123/museum/get-all	2022-05-23 16:36:35.850768	2
49	http://localhost:1123/museum/get-all	2022-05-23 16:37:12.74375	2
50	http://localhost:1123/museum/get-all	2022-05-23 16:37:29.897302	2
51	http://localhost:1123/museum/get-all	2022-05-23 16:38:11.445757	2
52	http://localhost:1123/museum?museumId=1&userId=2	2022-05-23 16:38:14.343732	2
53	http://localhost:1123/museum/get-all	2022-05-23 16:38:56.937732	2
54	http://localhost:1123/museum?museumId=43&userId=2	2022-05-23 16:39:59.48698	2
55	http://localhost:1123/museum/get-all	2022-05-23 16:40:05.118527	2
56	http://localhost:1123/virtual-tour/get-by-user?userId=2	2022-05-23 16:40:18.934176	2
57	http://localhost:1123/museum/get-all	2022-05-23 16:40:25.099738	2
58	http://localhost:1123/museum/get-all	2022-05-23 16:45:17.053475	1
59	http://localhost:1123/user-info	2022-05-23 16:45:17.100446	1
60	http://localhost:1123/museum/get-all	2022-05-23 17:45:36.265584	1
61	http://localhost:1123/user-info	2022-05-23 17:45:36.398502	1
62	http://localhost:1123/museum/get-all	2022-05-23 17:46:46.61331	1
63	http://localhost:1123/user-info	2022-05-23 17:46:46.624304	1
64	http://localhost:1123/museum/get-all	2022-05-23 17:48:41.703999	1
65	http://localhost:1123/user-info	2022-05-23 17:48:41.73498	1
66	http://localhost:1123/museum/get-all	2022-05-23 17:49:44.152743	1
67	http://localhost:1123/user-info	2022-05-23 17:49:44.173732	1
68	http://localhost:1123/museum/get-all	2022-05-23 17:50:18.885159	1
69	http://localhost:1123/user-info	2022-05-23 17:50:18.902149	1
70	http://localhost:1123/museum/get-all	2022-05-23 17:51:50.220094	1
71	http://localhost:1123/user-info	2022-05-23 17:51:50.235085	1
72	http://localhost:1123/museum/get-all	2022-05-23 17:52:16.16604	1
73	http://localhost:1123/user-info	2022-05-23 17:52:16.176034	1
74	http://localhost:1123/museum/get-all	2022-05-23 17:52:28.042371	1
75	http://localhost:1123/user-info	2022-05-23 17:52:28.058361	1
76	http://localhost:1123/museum/get-all	2022-05-23 20:56:06.039038	1
77	http://localhost:1123/user-info	2022-05-23 20:56:06.047033	1
78	http://localhost:1123/museum/get-all	2022-05-24 15:24:59.894171	2
79	http://localhost:1123/virtual-tour/get-by-user?userId=2	2022-05-24 15:25:04.871461	2
80	http://localhost:1123/museum/get-all	2022-05-24 15:25:05.903993	2
81	http://localhost:1123/museum?museumId=1&userId=2	2022-05-24 15:25:07.501852	2
82	http://localhost:1123/museum?museumId=1&userId=2	2022-05-24 15:40:54.318569	2
83	http://localhost:1123/virtual-tour/get-by-user?userId=2	2022-05-24 15:44:25.28488	2
84	http://localhost:1123/museum/get-all	2022-05-24 15:47:21.16452	2
85	http://localhost:1123/museum?museumId=1&userId=2	2022-05-24 15:47:22.710502	2
86	http://localhost:1123/museum/get-all	2022-05-24 15:50:33.467069	1
87	http://localhost:1123/user-info	2022-05-24 15:50:33.478062	1
88	http://localhost:1123/museum/get-all	2022-05-24 16:01:20.389825	1
89	http://localhost:1123/user-info	2022-05-24 16:01:20.378831	1
90	http://localhost:1123/user-info	2022-05-24 16:01:56.984534	1
91	http://localhost:1123/museum/get-all	2022-05-24 16:01:56.988532	1
92	http://localhost:1123/museum/get-all	2022-05-24 16:02:39.792637	4
93	http://localhost:1123/virtual-tour/get-by-user?userId=4	2022-05-24 16:02:42.487765	4
94	http://localhost:1123/museum/get-all	2022-05-24 16:02:47.103716	4
95	http://localhost:1123/museum?museumId=1&userId=4	2022-05-24 16:02:48.25119	4
96	http://localhost:1123/museum/get-all	2022-05-24 16:03:54.693542	2
97	http://localhost:1123/museum?museumId=1&userId=2	2022-05-24 16:04:06.053732	2
98	http://localhost:1123/museum/get-all	2022-05-24 16:05:22.37458	1
99	http://localhost:1123/user-info	2022-05-24 16:05:22.402563	1
100	http://localhost:1123/virtual-tour/get-by-user?userId=1	2022-05-24 16:05:35.353916	1
101	http://localhost:1123/museum/get-all	2022-05-24 16:05:36.733066	1
102	http://localhost:1123/user-info	2022-05-24 16:05:36.734066	1
103	http://localhost:1123/museum?museumId=1&userId=1	2022-05-24 16:05:39.403148	1
104	http://localhost:1123/museum/get-all	2022-05-24 16:06:50.64681	2
105	http://localhost:1123/virtual-tour/get-by-user?userId=2	2022-05-24 16:06:56.726531	2
106	http://localhost:1123/museum/get-all	2022-05-24 16:45:11.395586	2
107	http://localhost:1123/virtual-tour/get-by-user?userId=2	2022-05-24 16:45:12.138746	2
108	http://localhost:1123/museum/get-all	2022-05-24 16:45:44.676232	2
109	http://localhost:1123/museum?museumId=1&userId=2	2022-05-24 16:45:45.959481	2
110	http://localhost:1123/virtual-tour/get-by-user?userId=2	2022-05-24 16:46:34.320611	2
111	http://localhost:1123/user-info	2022-05-24 19:29:03.884115	1
112	http://localhost:1123/museum/get-all	2022-05-24 19:29:03.896107	1
113	http://localhost:1123/museum/get-all	2022-05-27 13:08:57.338187	2
114	http://localhost:1123/virtual-tour/get-by-user?userId=2	2022-05-27 13:09:03.052642	2
115	http://localhost:1123/museum/get-all	2022-05-27 13:09:16.500461	2
116	http://localhost:1123/museum?museumId=2&userId=2	2022-05-27 13:09:23.783507	2
117	http://localhost:1123/museum/get-all	2022-05-27 13:09:31.318307	2
118	http://localhost:1123/museum/get-all	2022-05-27 13:09:42.020857	1
119	http://localhost:1123/user-info	2022-05-27 13:09:42.033847	1
120	http://localhost:1123/museum/get-all	2022-05-27 13:12:06.954101	2
121	http://localhost:1123/museum?museumId=1&userId=2	2022-05-27 13:12:28.807817	2
122	http://localhost:1123/museum/get-all	2022-05-27 13:17:26.665156	2
123	http://localhost:1123/museum?museumId=1&userId=2	2022-05-27 13:17:34.74256	2
124	http://localhost:1123/museum/get-all	2022-05-27 13:21:51.721641	2
125	http://localhost:1123/museum?museumId=1&userId=2	2022-05-27 13:21:52.860708	2
126	http://localhost:1123/museum/get-all	2022-05-27 13:21:56.261301	2
127	http://localhost:1123/virtual-tour/get-by-user?userId=2	2022-05-27 13:21:58.126364	2
128	http://localhost:1123/museum/get-all	2022-05-27 13:21:59.444881	2
129	http://localhost:1123/museum?museumId=2&userId=2	2022-05-27 13:22:00.668127	2
130	http://localhost:1123/museum/get-all	2022-05-27 13:22:05.857261	2
131	http://localhost:1123/museum/get-all	2022-05-27 13:23:32.20758	1
132	http://localhost:1123/user-info	2022-05-27 13:23:32.214577	1
\.


--
-- Data for Name: user_person; Type: TABLE DATA; Schema: public; Owner: postgres
--

COPY public.user_person (user_person_id, email, first_name, last_name, password, token, username, user_status_id) FROM stdin;
4	djordjecvijic996@gmail.com	Suzana	Blagojevic	$2a$11$Lyu.wtsw7VJVgoavXfNt3eZihZ52C52cN0NcYPdItUxVTh0rPKO8m		suzanaBlagojevic	2
2	djordjecvijic96@gmail.com	Djordje	Cvijic	$2a$11$KEtQu5zglA1yuUCIiABGGeH1KgYvhSSkrOBP3HyvuYIcX7SFumKlu		djordje	2
1	admin@gmail.com	Admin	Admin	$2a$11$e8IR3fCM1OcdcEFtL5ZJfu5Xj6Bboteud6MzzDoO9tvFSRxzeAg3m	eyJhbGciOiJIUzI1NiJ9.eyJzdWIiOiJhZG1pbiIsImlzQWRtaW4iOnRydWUsImV4cCI6MTY1MzY4NjYxMiwidXNlcklkIjoxLCJpYXQiOjE2NTM2NTA2MTJ9.ke1N7bBYsysYNa1oJDqy-tlFUdpa1ieg_Izntq-IeRE	admin	2
3	djordjecvijic9996@gmail.com	David	Cvijic	$2a$11$ddrxeURzgM5.CY/dcuIojuRpMvizjYCEoMgeWC/uf0CnYLKFwu8ji		david	3
\.


--
-- Data for Name: user_person_role; Type: TABLE DATA; Schema: public; Owner: postgres
--

COPY public.user_person_role (role_id, user_id) FROM stdin;
1	1
2	2
2	3
2	4
\.


--
-- Data for Name: user_status; Type: TABLE DATA; Schema: public; Owner: postgres
--

COPY public.user_status (user_status_id, user_status_name) FROM stdin;
1	Not approved
2	Approved
3	Blocked
\.


--
-- Data for Name: virtual_tour; Type: TABLE DATA; Schema: public; Owner: postgres
--

COPY public.virtual_tour (virtual_tour_id, duration, start_date_time, youtube_url, museum_id, name) FROM stdin;
15	2	2022-05-24 17:36:00	https://www.youtube.com/watch?v=dvEgoCY9VjU	1	Prva virtuelna tura
18	3	2022-06-01 12:00:00	https://www.youtube.com/watch?v=y-ysEQRKoEA	1	Prva seoba naroda
19	4	2022-06-02 14:00:00	https://www.youtube.com/watch?v=0n2edAVOXKY	2	Od rodjenja do smrti
\.


--
-- Data for Name: virtual_tour_ticket; Type: TABLE DATA; Schema: public; Owner: postgres
--

COPY public.virtual_tour_ticket (virtual_tour_ticket_id, ticket_number, user_person_id, virtual_tour_id) FROM stdin;
14	59725	2	15
\.


--
-- Name: login_history_login_history_id_seq; Type: SEQUENCE SET; Schema: public; Owner: postgres
--

SELECT pg_catalog.setval('public.login_history_login_history_id_seq', 32, true);


--
-- Name: museum_museum_id_seq; Type: SEQUENCE SET; Schema: public; Owner: postgres
--

SELECT pg_catalog.setval('public.museum_museum_id_seq', 129, true);


--
-- Name: museum_type_museum_type_id_seq; Type: SEQUENCE SET; Schema: public; Owner: postgres
--

SELECT pg_catalog.setval('public.museum_type_museum_type_id_seq', 7, true);


--
-- Name: role_role_id_seq; Type: SEQUENCE SET; Schema: public; Owner: postgres
--

SELECT pg_catalog.setval('public.role_role_id_seq', 2, true);


--
-- Name: user_action_user_action_id_seq; Type: SEQUENCE SET; Schema: public; Owner: postgres
--

SELECT pg_catalog.setval('public.user_action_user_action_id_seq', 132, true);


--
-- Name: user_person_user_person_id_seq; Type: SEQUENCE SET; Schema: public; Owner: postgres
--

SELECT pg_catalog.setval('public.user_person_user_person_id_seq', 4, true);


--
-- Name: user_status_user_status_id_seq; Type: SEQUENCE SET; Schema: public; Owner: postgres
--

SELECT pg_catalog.setval('public.user_status_user_status_id_seq', 3, true);


--
-- Name: virtual_tour_ticket_virtual_tour_ticket_id_seq; Type: SEQUENCE SET; Schema: public; Owner: postgres
--

SELECT pg_catalog.setval('public.virtual_tour_ticket_virtual_tour_ticket_id_seq', 16, true);


--
-- Name: virtual_tour_virtual_tour_id_seq; Type: SEQUENCE SET; Schema: public; Owner: postgres
--

SELECT pg_catalog.setval('public.virtual_tour_virtual_tour_id_seq', 19, true);


--
-- Name: login_history login_history_pkey; Type: CONSTRAINT; Schema: public; Owner: postgres
--

ALTER TABLE ONLY public.login_history
    ADD CONSTRAINT login_history_pkey PRIMARY KEY (login_history_id);


--
-- Name: museum museum_pkey; Type: CONSTRAINT; Schema: public; Owner: postgres
--

ALTER TABLE ONLY public.museum
    ADD CONSTRAINT museum_pkey PRIMARY KEY (museum_id);


--
-- Name: museum_type museum_type_pkey; Type: CONSTRAINT; Schema: public; Owner: postgres
--

ALTER TABLE ONLY public.museum_type
    ADD CONSTRAINT museum_type_pkey PRIMARY KEY (museum_type_id);


--
-- Name: role role_pkey; Type: CONSTRAINT; Schema: public; Owner: postgres
--

ALTER TABLE ONLY public.role
    ADD CONSTRAINT role_pkey PRIMARY KEY (role_id);


--
-- Name: virtual_tour_ticket uk_py9l098q0qlxajddwvjvyj4u2; Type: CONSTRAINT; Schema: public; Owner: postgres
--

ALTER TABLE ONLY public.virtual_tour_ticket
    ADD CONSTRAINT uk_py9l098q0qlxajddwvjvyj4u2 UNIQUE (ticket_number);


--
-- Name: user_action user_action_pkey; Type: CONSTRAINT; Schema: public; Owner: postgres
--

ALTER TABLE ONLY public.user_action
    ADD CONSTRAINT user_action_pkey PRIMARY KEY (user_action_id);


--
-- Name: user_person user_person_pkey; Type: CONSTRAINT; Schema: public; Owner: postgres
--

ALTER TABLE ONLY public.user_person
    ADD CONSTRAINT user_person_pkey PRIMARY KEY (user_person_id);


--
-- Name: user_person_role user_person_role_pkey; Type: CONSTRAINT; Schema: public; Owner: postgres
--

ALTER TABLE ONLY public.user_person_role
    ADD CONSTRAINT user_person_role_pkey PRIMARY KEY (role_id, user_id);


--
-- Name: user_status user_status_pkey; Type: CONSTRAINT; Schema: public; Owner: postgres
--

ALTER TABLE ONLY public.user_status
    ADD CONSTRAINT user_status_pkey PRIMARY KEY (user_status_id);


--
-- Name: virtual_tour virtual_tour_pkey; Type: CONSTRAINT; Schema: public; Owner: postgres
--

ALTER TABLE ONLY public.virtual_tour
    ADD CONSTRAINT virtual_tour_pkey PRIMARY KEY (virtual_tour_id);


--
-- Name: virtual_tour_ticket virtual_tour_ticket_pkey; Type: CONSTRAINT; Schema: public; Owner: postgres
--

ALTER TABLE ONLY public.virtual_tour_ticket
    ADD CONSTRAINT virtual_tour_ticket_pkey PRIMARY KEY (virtual_tour_ticket_id);


--
-- Name: user_action fk1mbrf05xfw2k7pualqgmr189x; Type: FK CONSTRAINT; Schema: public; Owner: postgres
--

ALTER TABLE ONLY public.user_action
    ADD CONSTRAINT fk1mbrf05xfw2k7pualqgmr189x FOREIGN KEY (user_person_id) REFERENCES public.user_person(user_person_id);


--
-- Name: virtual_tour fk48o7a9fy8se8da70a2o00o2pg; Type: FK CONSTRAINT; Schema: public; Owner: postgres
--

ALTER TABLE ONLY public.virtual_tour
    ADD CONSTRAINT fk48o7a9fy8se8da70a2o00o2pg FOREIGN KEY (museum_id) REFERENCES public.museum(museum_id);


--
-- Name: user_person fkg3ot58ke38sh44qdmrjrl8a6p; Type: FK CONSTRAINT; Schema: public; Owner: postgres
--

ALTER TABLE ONLY public.user_person
    ADD CONSTRAINT fkg3ot58ke38sh44qdmrjrl8a6p FOREIGN KEY (user_status_id) REFERENCES public.user_status(user_status_id);


--
-- Name: virtual_tour_ticket fkhxrhjeq12xnsp8jyjrjem7idp; Type: FK CONSTRAINT; Schema: public; Owner: postgres
--

ALTER TABLE ONLY public.virtual_tour_ticket
    ADD CONSTRAINT fkhxrhjeq12xnsp8jyjrjem7idp FOREIGN KEY (virtual_tour_id) REFERENCES public.virtual_tour(virtual_tour_id);


--
-- Name: virtual_tour_ticket fkmjkhhsk7cvvaum5trxp0sm1n6; Type: FK CONSTRAINT; Schema: public; Owner: postgres
--

ALTER TABLE ONLY public.virtual_tour_ticket
    ADD CONSTRAINT fkmjkhhsk7cvvaum5trxp0sm1n6 FOREIGN KEY (user_person_id) REFERENCES public.user_person(user_person_id);


--
-- Name: museum fko7by3b8ad9wwe54wggmlcgiwg; Type: FK CONSTRAINT; Schema: public; Owner: postgres
--

ALTER TABLE ONLY public.museum
    ADD CONSTRAINT fko7by3b8ad9wwe54wggmlcgiwg FOREIGN KEY (museum_type_id) REFERENCES public.museum_type(museum_type_id);


--
-- Name: user_person_role fkqnbjnoiud9qgnsufg5gwb5kw8; Type: FK CONSTRAINT; Schema: public; Owner: postgres
--

ALTER TABLE ONLY public.user_person_role
    ADD CONSTRAINT fkqnbjnoiud9qgnsufg5gwb5kw8 FOREIGN KEY (role_id) REFERENCES public.role(role_id);


--
-- Name: user_person_role fkson73e3e8nyo5ye03n5efag9g; Type: FK CONSTRAINT; Schema: public; Owner: postgres
--

ALTER TABLE ONLY public.user_person_role
    ADD CONSTRAINT fkson73e3e8nyo5ye03n5efag9g FOREIGN KEY (user_id) REFERENCES public.user_person(user_person_id);


--
-- Name: login_history fksq8yf2nsn0h8af30uhqud42lf; Type: FK CONSTRAINT; Schema: public; Owner: postgres
--

ALTER TABLE ONLY public.login_history
    ADD CONSTRAINT fksq8yf2nsn0h8af30uhqud42lf FOREIGN KEY (user_person_id) REFERENCES public.user_person(user_person_id);


--
-- PostgreSQL database dump complete
--

